
INSERT INTO cidades (nome, area, estado_id) -- Inserindo cidade com nome, área e estado_id
VALUES ('Rio Branco', 9.223, 1); -- Inserindo cidade Rio Branco no estado com id 1 (Acre)

INSERT INTO cidades (nome, area, estado_id) -- Inserindo cidade com nome, área e estado_id
VALUES ('Maceió', 511.0, 2); -- Inserindo cidade Maceió no estado com id 2 (Alagoas)

INSERT INTO cidades (nome, area, estado_id) -- Inserindo cidade com nome, área e estado_id
VALUES ('Macapá', 6.407, 3); -- Inserindo cidade Macapá no estado com id 3 (Amapá)

INSERT INTO cidades (nome, area, estado_id) -- Inserindo cidade com nome, área e estado_id
VALUES ('Manaus', 11.401, 4); -- Inserindo cidade

INSERT INTO cidades (nome, area, estado_id)
VALUES ('Salvador', 693.8, 5)

INSERT INTO cidades (nome, area, estado_id) -- Inserindo cidade com nome, área e estado_id
VALUES ('Fortaleza', 314.9, 6); -- Inserindo cidade Fortaleza no estado com id 6 (Ceará)

INSERT INTO cidades (nome, area, estado_id) -- Inserindo cidade com nome, área e estado_id
VALUES ('Brasília', 5.802, 7); -- Inserindo cidade Brasília no

INSERT INTO cidades (nome, area, estado_id) -- Inserindo cidade com nome, área e estado_id
VALUES ('Vitória', 93.9, 8); -- Inserindo cidade Vitória no estado com id 8 (Espírito Santo)

INSERT INTO cidades (nome, area, estado_id) -- Inserindo cidade com nome, área e estado_id
VALUES ('Goiânia', 739.2, 9); -- Inserindo cidade Goiânia no estado com id 9 (Goiás)

INSERT INTO cidades (nome, area, estado_id) -- Inserindo cidade com nome, área e estado_id
VALUES ('São Luís', 827.0, 10); -- Inserindo cidade São Luís no estado com id 10 (Maranhão)

INSERT INTO cidades (nome, area, estado_id) -- Inserindo cidade com nome, área e estado_id
VALUES ('Cuiabá', 3.403, 11); -- Inserindo cidade Cuiabá no estado com id 11 (Mato Grosso)

INSERT INTO cidades (nome, area, estado_id) -- Inserindo cidade com nome, área e estado_id
VALUES ('Campo Grande', 8.096, 12); -- Inserindo cidade Campo Grande

INSERT INTO cidades (nome, area, estado_id) -- Inserindo cidade com nome, área e estado_id
VALUES ('Belo Horizonte', 331.4, 13); -- Inserindo cidade Belo Horizonte no estado com id 13 (Minas Gerais)

INSERT INTO cidades (nome, area, estado_id) -- Inserindo cidade com nome, área e estado_id
VALUES ('Belém', 1.059, 14); -- Inserindo cidade Belém no estado com id 14 (Pará)

INSERT INTO cidades (nome, area, estado_id) -- Inserindo cidade com nome, área e estado_id
VALUES ('João Pessoa', 210.2, 15); -- Inserindo cidade João Pessoa no estado com id 15 (Paraíba)

INSERT INTO cidades (nome, area, estado_id) -- Inserindo cidade com nome, área e estado_id
VALUES ('Curitiba', 435.0, 16); -- Inserindo cidade Curitiba no estado com id 16 (Paraná)

INSERT INTO cidades (nome, area, estado_id) -- Inserindo cidade com nome, área e estado_id
VALUES ('Recife', 218.4, 17); -- Inserindo cidade Recife no estado com id 17 (Pernambuco)

INSERT INTO cidades (nome, area, estado_id) -- Inserindo cidade com nome, área e estado_id
VALUES ('Teresina', 1.755, 18); -- Inserindo cidade Teresina no estado com id 18 (Piauí)

INSERT INTO cidades (nome, area, estado_id) -- Inserindo cidade com nome, área e estado_id
VALUES ('Rio de Janeiro', 1.255, 19); -- Inserindo cidade Rio de Janeiro no estado com id 19 (Rio de Janeiro)

INSERT INTO cidades (nome, area, estado_id) -- Inserindo cidade com nome, área e estado_id
VALUES ('Natal', 167.4, 20); -- Inserindo cidade Natal no estado com id 20 (Rio Grande do Norte)

INSERT INTO cidades (nome, area, estado_id) -- Inserindo cidade com nome, área e estado_id
VALUES ('Porto Alegre', 496.8, 21); -- Inserindo cidade Porto Alegre no estado com id 21 (Rio Grande do Sul)

INSERT INTO cidades (nome, area, estado_id) -- Inserindo cidade com nome, área e estado_id
VALUES ('Porto Velho', 5.687, 22); -- Inserindo cidade Boa Vista no estado com id 22 (Roraima)

INSERT INTO cidades (nome, area, estado_id) -- Inserindo cidade com nome, área e estado_id
VALUES ('Boa Vista', 5.687, 23); -- Inserindo cidade Boa Vista no estado com id 23 (Roraima)

INSERT INTO cidades (nome, area, estado_id) -- Inserindo cidade com nome, área e estado_id
VALUES ('Florianópolis', 675.4, 24); -- Inserindo cidade Florianópolis no estado com id 24 (Santa Catarina)

INSERT INTO cidades (nome, area, estado_id) -- Inserindo cidade com nome, área e estado_id
VALUES ('São Paulo', 1.521, 25); -- Inserindo cidade São Paulo no estado com id 25 (São Paulo)

INSERT INTO cidades (nome, area, estado_id) -- Inserindo cidade com nome, área e estado_id
VALUES ('Aracaju', 181.3, 26); -- Inserindo cidade Aracaju no estado com id 26 (Sergipe)

INSERT INTO cidades (nome, area, estado_id) -- Inserindo cidade com nome, área e estado_id
VALUES ('Palmas', 2.218, 27); -- Inserindo cidade Palmas no estado com id 27 (Tocantins)

SELECT * from cidades -- Verificando as cidades inseridas na tabela cidades


SELECT * FROM cidades 


